,age,hypertension,heart_disease,avg_glucose_level,bmi,gender_Female,gender_Male,ever_married_No,ever_married_Yes,work_type_Govt_job,work_type_Private,work_type_Self-employed,work_type_children,Residence_type_Rural,Residence_type_Urban,smoking_status_Unknown,smoking_status_formerly smoked,smoking_status_never smoked,smoking_status_smokes
count,3035.0,3035.0,3035.0,3035.0,3035.0,3035.0,3035.0,3035.0,3035.0,3035.0,3035.0,3035.0,3035.0,3035.0,3035.0,3035.0,3035.0,3035.0,3035.0
mean,41.48420428336079,0.07413509060955518,0.03756177924217463,91.45978253706754,27.809390444810543,0.5927512355848434,0.4072487644151565,0.36639209225700164,0.6336079077429984,0.12718286655683692,0.5710049423393739,0.1542009884678748,0.14761120263591435,0.49489291598023066,0.5051070840197693,0.31466227347611203,0.1644151565074135,0.36771004942339375,0.15321252059308071
std,22.43877568928828,0.2620337807335179,0.19016521038317122,22.622694384293997,6.430855866532216,0.4914028615180523,0.4914028615180523,0.4818977513800706,0.4818977513800706,0.3332326106658176,0.49501417747548687,0.3612008178056524,0.35477261196820753,0.5000563053984773,0.5000563053984773,0.4644577536095497,0.3707129535143985,0.4822613402274821,0.3602515865948463
min,0.08,0.0,0.0,55.12,14.1,0.0,0.0,0.0,0.0,0.0,0.0,0.0,0.0,0.0,0.0,0.0,0.0,0.0,0.0
25%,24.0,0.0,0.0,75.09,23.2,0.0,0.0,0.0,0.0,0.0,0.0,0.0,0.0,0.0,0.0,0.0,0.0,0.0,0.0
50%,42.0,0.0,0.0,88.23,27.6,1.0,0.0,0.0,1.0,0.0,1.0,0.0,0.0,0.0,1.0,0.0,0.0,0.0,0.0
75%,59.0,0.0,0.0,103.745,31.9,1.0,1.0,1.0,1.0,0.0,1.0,0.0,0.0,1.0,1.0,1.0,0.0,1.0,0.0
max,82.0,1.0,1.0,168.68,45.2,1.0,1.0,1.0,1.0,1.0,1.0,1.0,1.0,1.0,1.0,1.0,1.0,1.0,1.0
