{
    "accuracy": 0.9573732718894009,
    "precision": [
        0.9618055555555556,
        0.0
    ],
    "recall": [
        0.9952095808383233,
        0.0
    ],
    "f1": [
        0.9782224838140082,
        0.0
    ],
    "support": [
        835,
        33
    ],
    "confusion_matrix": [
        [
            831,
            4
        ],
        [
            33,
            0
        ]
    ],
    "roc_auc": 0.8363636363636364,
    "roc_curve": {
        "fpr": [
            0.0,
            0.0011976047904191617,
            0.005988023952095809,
            0.005988023952095809,
            0.01437125748502994,
            0.01437125748502994,
            0.016766467065868262,
            0.016766467065868262,
            0.02874251497005988,
            0.02874251497005988,
            0.045508982035928146,
            0.045508982035928146,
            0.05029940119760479,
            0.05029940119760479,
            0.0562874251497006,
            0.0562874251497006,
            0.06347305389221557,
            0.06347305389221557,
            0.08023952095808383,
            0.08023952095808383,
            0.081437125748503,
            0.081437125748503,
            0.08982035928143713,
            0.08982035928143713,
            0.10059880239520957,
            0.10059880239520957,
            0.10658682634730539,
            0.10658682634730539,
            0.1281437125748503,
            0.1281437125748503,
            0.14011976047904193,
            0.14011976047904193,
            0.14491017964071856,
            0.14491017964071856,
            0.1568862275449102,
            0.1568862275449102,
            0.1664670658682635,
            0.1664670658682635,
            0.19640718562874251,
            0.19640718562874251,
            0.20718562874251498,
            0.20718562874251498,
            0.20958083832335328,
            0.20958083832335328,
            0.23832335329341317,
            0.23832335329341317,
            0.24311377245508983,
            0.24311377245508983,
            0.2467065868263473,
            0.2467065868263473,
            0.2562874251497006,
            0.2562874251497006,
            0.2718562874251497,
            0.2718562874251497,
            0.3652694610778443,
            0.3652694610778443,
            0.4287425149700599,
            0.4287425149700599,
            0.43832335329341315,
            0.43832335329341315,
            0.47784431137724553,
            0.4802395209580838,
            0.5221556886227545,
            0.5245508982035928,
            0.5353293413173653,
            0.5377245508982036,
            0.592814371257485,
            0.5952095808383233,
            0.6059880239520958,
            0.6083832335329341,
            0.6359281437125749,
            0.6395209580838324,
            0.6407185628742516,
            0.6431137724550898,
            0.644311377245509,
            0.6467065868263473,
            0.6538922155688622,
            0.6538922155688622,
            0.6562874251497006,
            0.6610778443113773,
            0.6634730538922156,
            0.6694610778443114,
            0.6718562874251497,
            0.6766467065868264,
            0.6790419161676646,
            0.6802395209580838,
            0.6826347305389222,
            0.6898203592814371,
            0.6922155688622754,
            0.6934131736526946,
            0.6970059880239521,
            0.6994011976047905,
            0.7017964071856287,
            0.704191616766467,
            0.7065868263473054,
            0.7077844311377246,
            0.7113772455089821,
            0.7293413173652694,
            0.7317365269461078,
            0.7353293413173653,
            0.7544910179640718,
            0.7568862275449102,
            0.7580838323353294,
            0.7604790419161677,
            0.7628742514970059,
            0.7652694610778443,
            0.7664670658682635,
            0.7688622754491018,
            0.7736526946107785,
            0.7772455089820359,
            0.7796407185628742,
            0.7832335329341318,
            0.7856287425149701,
            0.7916167664670659,
            0.7964071856287425,
            0.807185628742515,
            0.8095808383233533,
            0.8131736526946107,
            0.8143712574850299,
            0.8167664670658683,
            0.8191616766467066,
            0.8251497005988024,
            0.8263473053892215,
            0.829940119760479,
            0.844311377245509,
            0.8467065868263473,
            0.8658682634730539,
            0.8706586826347306,
            0.8718562874251496,
            0.8754491017964072,
            0.8970059880239521,
            0.9377245508982036,
            1.0
        ],